{"cameraMode":{"drawMode":0,"name":"Shaded","section":"Shading Mode"},"sceneLighting":true,"audioPlay":false,"sceneViewState":{"m_AlwaysRefresh":false,"showFog":true,"showSkybox":true,"showFlares":true,"showImageEffects":true,"showParticleSystems":true,"showVisualEffectGraphs":true,"m_FxEnabled":true},"in2DMode":false,"pivot":{"x":-3.1024889945983888,"y":4.2410969734191898,"z":5.676082611083984},"rotation":{"x":-0.030747583135962487,"y":-0.9612561464309692,"z":0.24627810716629029,"w":-0.12001369148492813},"size":60.11800765991211,"orthographic":false}