{"cameraMode":{"drawMode":0,"name":"Shaded","section":"Shading Mode"},"sceneLighting":false,"audioPlay":false,"sceneViewState":{"m_AlwaysRefresh":false,"showFog":true,"showSkybox":false,"showFlares":true,"showImageEffects":true,"showParticleSystems":true,"showVisualEffectGraphs":true,"m_FxEnabled":true},"in2DMode":false,"pivot":{"x":14.657161712646485,"y":0.5522021055221558,"z":-0.5647633075714111},"rotation":{"x":-0.007366488222032785,"y":0.712357223033905,"z":0.007482343353331089,"w":0.7017500400543213},"size":7.849544525146484,"orthographic":false}